form_type,dataset_count,face_count,sample_count,surface_area,retained_particle_mass,retained_particle_marker_count,retained_particle_ratio,retained_particle_share_total,form_retention_rank_overall,mean_remaining_dust,max_remaining_dust,area_weighted_exposure,area_weighted_water_dose,area_weighted_cleaning_dose,area_weighted_hotspot_score,area_weighted_redeposition,area_weighted_poor_drainage,area_weighted_concavity,area_weighted_hiddenness
cylinder,1498,31806,973746,1870395036.868452,17797969.825170,165848,0.009516,0.253263,1,0.007085,0.103418,0.899915,0.000783,0.000763,0.640444,0.000618,0.809324,0.001006,0.075315
other,497,8761,778799,39605445.531779,190401.051286,110376,0.004807,0.002709,2,0.005852,0.103731,0.866674,0.007997,0.007697,0.477181,0.004503,0.154676,0.003498,0.100869
torus,401,4617,700339,8403874.063527,28333.764496,50583,0.003372,0.000403,3,0.003043,0.102787,0.853744,0.006434,0.006215,0.468760,0.002352,0.116206,0.001077,0.109961
plane,1971,64749,1041443,5242094463.622127,52242919.404409,21843,0.009966,0.743409,4,0.008082,0.104016,0.992492,0.011596,0.011440,0.546345,0.011671,0.387784,0.190344,0.053217
cone,419,4324,178231,2135310.950940,11905.939555,21754,0.005576,0.000169,5,0.006021,0.095082,0.852050,0.017215,0.016223,0.469515,0.003422,0.131742,0.011618,0.113867
sphere,227,1238,104511,636003.167843,3258.195414,15664,0.005123,0.000046,6,0.005884,0.098696,0.834225,0.029344,0.028117,0.441283,0.005925,0.036544,0.003207,0.125133
